nameOfTheJournal,ISSN,libraryID
安徽农业大学学报,1672-352X,扩展
安全与环境工程,1671-1556,扩展库
安全与环境学报,1009-6094,核心库
爆破,1001-487X,扩展库
爆破器材,1001-8352,扩展库
爆炸与冲击,1001-1455,核心库
北京大学学报.  医学版,1671-167X,核心库
北京大学学报.  自然科学版,0479-8023,核心库
北京工业大学学报,0254-0037,核心库
北京航空航天大学学报,1001-5965,核心库
北京化工大学学报.  自然科学版,1671-4628,扩展库
北京交通大学学报.  自然科学版,1673-0291,核心库
北京理工大学学报,1001-0645,核心库
北京林业大学学报,1000-1522,核心库
北京师范大学学报.  自然科学版,0476-0301,核心库
北京邮电大学学报,1007-5321,扩展库
北京中医药大学学报,1006-2157,核心库
表面技术,1001-3660,核心库
冰川冻土,1000-0240,核心库
兵工学报,1000-1093,核心库
兵器材料科学与工程,1004-244X,扩展库
兵器装备工程学报,2096-2304,核心库
病毒学报,1000-8721,核心库
材料保护,1001-1560,扩展库
材料导报,1005-023X,核心库
材料工程,1001-4381,核心库
材料科学与工程学报,1673-2812,扩展库
材料科学与工艺,1005-0299,核心库
材料热处理学报,1009-6264,核心库
材料研究学报,1005-3093,核心库
采矿与安全工程学报,1673-3363,核心库
蚕业科学,0257-4799,扩展库
草地学报,1007-0435,核心库
草业科学,1001-0629,核心库
草业学报,1004-5759,核心库
草原与草坪,1009-5500,扩展库
测绘地理信息,2095-6045,扩展库
测绘科学,1009-2307,核心库
测绘通报,0494-0911,核心库
测绘学报,1001-1595,核心库
茶叶科学,1000-369X,核心库
肠外与肠内营养,1007-810X,核心库
沉积学报,1000-0550,核心库
沉积与特提斯地质,1009-3850,扩展库
成都理工大学学报.  自然科学版,1671-9727,核心库
城市发展研究,1006-3862,核心库
城市规划,1002-1329,核心库
城市规划学刊,1000-3363,核心库
储能科学与技术,2095-4239,核心库
畜牧兽医学报,0366-6964,核心库
传感技术学报,1004-1699,核心库
传感器与微系统,2096-2436,扩展库
船舶工程,1000-6982,扩展库
船舶力学,1007-7294,核心库
磁共振成像,1674-8034,核心库
大地测量与地球动力学,1671-5942,核心库
大地构造与成矿学,1001-1552,核心库
大豆科学,1000-9841,扩展库
大连海事大学学报,1006-7736,扩展库
大连海洋大学学报,2095-1388,核心库
大连理工大学学报,1000-8608,核心库
大气科学,1006-9895,核心库
大气科学学报,1674-7097,核心库
大气与环境光学学报,1673-6141,核心库
淡水渔业,1000-6907,扩展库
弹道学报,1004-499X,核心库
导弹与航天运载技术（中英文）,2097-1974,扩展库
导航定位学报,2095-4999,扩展库
导航定位与授时,2095-8110,扩展库
低温工程,1000-6516,扩展库
地层学杂志,0253-4959,扩展库
地理科学,1000-0690,核心库
地理科学进展,1007-6301,核心库
地理学报,0375-5444,核心库
地理研究,1000-0585,核心库
地理与地理信息科学,1672-0504,核心库
地球化学,0379-1726,核心库
地球环境学报,1674-9901,扩展库
地球科学,1000-2383,核心库
地球科学进展,1001-8166,核心库
地球物理学报,0001-5733,核心库
地球物理学进展,1004-2903,核心库
地球信息科学学报,1560-8999,核心库
地球学报,1006-3021,核心库
地球与环境,1672-9250,核心库
地下空间与工程学报,1673-0836,核心库
地学前缘,1005-2321,核心库
地震,1000-3274,扩展库
地震地质,0253-4967,核心库
地震工程学报,1000-0844,核心库
地震工程与工程振动,1000-1301,核心库
地震学报,0253-3782,核心库
地震研究,1000-0666,扩展库
地质科技通报,2096-8523,扩展库
地质科学,0563-5020,核心库
地质力学学报,1006-6616,核心库
地质论评,0371-5736,核心库
地质通报,1671-2552,核心库
地质学报,0001-5717,核心库
地质与勘探,0495-5331,扩展库
第四纪研究,1001-7410,核心库
电波科学学报,1005-0388,扩展库
电工电能新技术,1003-3076,核心库
电工技术学报,1000-6753,核心库
电光与控制,1671-637X,扩展库
电机与控制学报,1007-449X,核心库
电力建设,1000-7229,核心库
电力科学与技术学报,1673-9140,扩展库
电力系统保护与控制,1674-3415,核心库
电力系统及其自动化学报,1003-8930,核心库
电力系统自动化,1000-1026,核心库
电力自动化设备,1006-6047,核心库
电气工程学报,2095-9524,扩展库
电网技术,1000-3673,核心库
电网与清洁能源,1674-3814,扩展库
电源学报,2095-2805,扩展库
电子测量与仪器学报,1000-7105,核心库
电子科技大学学报,1001-0548,核心库
电子显微学报,1000-6281,扩展库
电子学报,0372-2112,核心库
电子与信息学报,1009-5896,核心库
东北大学学报.  自然科学版,1005-3026,核心库
东北林业大学学报,1000-5382,扩展库
东北农业大学学报,1005-9369,核心库
东南大学学报.  自然科学版,1001-0505,核心库
动力工程学报,1674-7607,核心库
动物学杂志,0250-3263,扩展库
动物营养学报,1006-267X,核心库
断块油气田,1005-8907,扩展库
锻压技术,1000-3940,扩展库
发电技术,2096-4528,核心库
发光学报,1000-7032,核心库
法医学杂志,1004-5619,扩展库
防灾减灾工程学报,1672-2132,核心库
纺织学报,0253-9721,核心库
放射学实践,1000-0313,核心库
飞行力学,1002-0853,扩展库
分析测试学报,1004-4957,核心库
分析化学,0253-3820,核心库
分析科学学报,1006-6144,扩展库
分析试验室,1000-0720,扩展库
分子催化,1001-3555,扩展库
粉末冶金技术,1001-3784,扩展库
辐射防护,1000-8187,扩展库
辐射研究与辐射工艺学报,1000-3436,核心库
福建农林大学学报.  自然科学版,1671-5470,扩展库
福建农业学报,1008-0384,扩展库
腐蚀与防护,1005-748X,扩展库
复旦学报.  医学版,1672-8467,核心库
复旦学报.  自然科学版,0427-7104,扩展库
复合材料学报,1000-3851,核心库
复杂系统与复杂性科学,1672-3813,核心库
甘肃农业大学学报,1003-4315,扩展库
干旱地区农业研究,1000-7601,核心库
干旱区地理,1000-6060,核心库
干旱区研究,1001-4675,核心库
干旱区资源与环境,1003-7578,核心库
钢铁,0449-749X,核心库
钢铁研究学报,1001-0963,核心库
高等学校化学学报,0251-0790,核心库
高电压技术,1003-6520,核心库
高分子材料科学与工程,1000-7555,核心库
高分子通报,1003-3726,核心库
高分子学报,1000-3304,核心库
高校地质学报,1006-7493,核心库
高校化学工程学报,1003-9015,核心库
高压电器,1001-1609,核心库
高压物理学报,1000-5773,核心库
高原科学研究,2096-4617,扩展库
高原气象,1000-0534,核心库
给水排水,1002-8471,核心库
工程爆破,1006-7051,扩展库
工程地质学报,1004-9665,核心库
工程科学学报,2095-9389,核心库
工程科学与技术,2096-3246,核心库
工程力学,1000-4750,核心库
工程热物理学报,0253-231X,核心库
工程设计学报,1006-754X,核心库
工程数学学报,1005-3085,核心库
工程塑料应用,1001-3539,核心库
工矿自动化,1671-251X,扩展库
工业工程与管理,1007-5429,扩展库
工业水处理,1005-829X,扩展库
公路交通科技,1002-0268,核心库
功能材料,1001-9731,核心库
功能高分子学报,1008-9357,核心库
古地理学报,1671-1505,核心库
古脊椎动物学报（中英文）,2096-9899,核心库
古生物学报,0001-6616,核心库
固体火箭技术,1006-2793,核心库
固体力学学报,0254-7805,核心库
管理工程学报,1004-6062,核心库
管理科学学报,1007-9807,核心库
灌溉排水学报,1672-3317,扩展库
光电工程,1003-501X,核心库
光电子·激光,1005-0086,扩展库
光谱学与光谱分析,1000-0593,核心库
光学技术,1002-1582,扩展库
光学精密工程,1004-924X,核心库
光学学报,0253-2239,核心库
光子学报,1004-4213,核心库
广东海洋大学学报,1673-9159,扩展库
广西植物,1000-3142,扩展库
硅酸盐学报,0454-5648,核心库
国防科技大学学报,1001-2486,核心库
国际城市规划,1673-9493,核心库
国际口腔医学杂志,1673-5749,核心库
果树学报,1009-9980,核心库
过程工程学报,1009-606X,核心库
哈尔滨工程大学学报,1006-7043,核心库
哈尔滨工业大学学报,0367-6234,核心库
海军军医大学学报,2097-1338,核心库
海相油气地质,1672-9854,核心库
海洋测绘,1671-3044,扩展库
海洋地质前沿,1009-2722,核心库
海洋地质与第四纪地质,0256-1492,核心库
海洋工程,1005-9865,核心库
海洋湖沼通报,1003-6482,核心库
海洋环境科学,1007-6336,核心库
海洋科学,1000-3096,扩展库
海洋科学进展,1671-6647,核心库
海洋通报,1001-6392,核心库
海洋学报,0253-4193,核心库
海洋学研究,1001-909X,扩展库
海洋渔业,1004-2490,核心库
海洋与湖沼,0029-814X,核心库
海洋预报,1003-0239,扩展库
含能材料,1006-9941,核心库
焊接学报,0253-360X,核心库
航空兵器,1673-5048,核心库
航空材料学报,1005-5053,核心库
航空动力学报,1000-8055,核心库
航空工程进展,1674-8190,扩展库
航空学报,1000-6893,核心库
航空制造技术,1671-833X,核心库
航天返回与遥感,1009-8518,核心库
航天控制,1006-3242,扩展库
航天器工程,1673-8748,核心库
航天器环境工程,1673-1379,核心库
合成生物学,2096-8280,核心库
河北农业大学学报,1000-1573,扩展库
河海大学学报.  自然科学版,1000-1980,核心库
河南农业大学学报,1000-2340,扩展库
核动力工程,0258-0926,核心库
核化学与放射化学,0253-9950,核心库
核技术,0253-3219,核心库
核聚变与等离子体物理,0254-6086,扩展库
核科学与工程,0258-0918,扩展库
核农学报,1000-8551,核心库
红外技术,1001-8891,核心库
红外与毫米波学报,1001-9014,核心库
红外与激光工程,1007-2276,核心库
湖泊科学,1003-5427,核心库
湖南大学学报.  自然科学版,1674-2974,核心库
湖南农业大学学报.  自然科学版,1007-1032,扩展库
护理管理杂志,1671-315X,扩展库
护理学杂志,1001-4152,扩展库
华北农学报,1000-7091,核心库
华东理工大学学报.  自然科学版,1006-3080,扩展库
华东师范大学学报.  自然科学版,1000-5641,扩展库
华南理工大学学报.  自然科学版,1000-565X,核心库
华南农业大学学报,1001-411X,核心库
华西口腔医学杂志,1000-1182,核心库
华西药学杂志,1006-0103,扩展库
华中科技大学学报.  医学版,1672-0741,扩展库
华中科技大学学报.  自然科学版,1671-4512,核心库
华中农业大学学报,1000-2421,核心库
华中师范大学学报.  自然科学版,1000-1190,扩展库
化工环保,1006-1878,扩展库
化工进展,1000-6613,核心库
化工新型材料,1006-3536,扩展库
化工学报,0438-1157,核心库
化学工程,1005-9954,扩展库
化学工业与工程,1004-9533,扩展库
化学进展,1005-281X,核心库
化学通报,0441-3776,扩展库
化学学报,0567-7351,核心库
环境工程,1000-8942,扩展库
环境工程技术学报,1674-991X,扩展库
环境工程学报,1673-9108,扩展库
环境化学,0254-6108,核心库
环境监测管理与技术,1006-2009,扩展库
环境科学,0250-3301,核心库
环境科学学报,0253-2468,核心库
环境科学研究,1001-6929,核心库
环境科学与技术,1003-6504,核心库
环境昆虫学报,1674-0858,扩展库
环境污染与防治,1001-3865,扩展库
环境与职业医学,2095-9982,核心库
黄金科学技术,1005-2518,扩展库
火工品,1003-1480,扩展库
火力与指挥控制,1002-0640,扩展库
火炸药学报,1007-7812,核心库
机器人,1002-0446,核心库
机械工程材料,1000-3738,扩展库
机械工程学报,0577-6686,核心库
机械科学与技术,1003-8728,核心库
机械强度,1001-9669,扩展库
机械设计,1001-2354,扩展库
机械设计与研究,1006-2343,扩展库
基因组学与应用生物学,1674-568X,扩展库
激光技术,1001-3806,扩展库
激光与光电子学进展,1006-4125,核心库
激光与红外,1001-5078,扩展库
吉林大学学报.  地球科学版,1671-5888,核心库
吉林大学学报.  工学版,1671-5497,核心库
吉林大学学报.  医学版,1671-587X,扩展库
吉林农业大学学报,1000-5684,扩展库
极地研究,1007-7073,核心库
疾病监测,1003-9961,核心库
计量经济学报,2096-9732,核心库
计量学报,1000-1158,扩展库
计算机辅助设计与图形学学报,1003-9775,核心库
计算机工程,1000-3428,扩展库
计算机工程与科学,1007-130X,扩展库
计算机工程与应用,1002-8331,扩展库
计算机集成制造系统,1006-5911,核心库
计算机科学,1002-137X,扩展库
计算机科学与探索,1673-9418,核心库
计算机学报,0254-4164,核心库
计算机研究与发展,1000-1239,核心库
计算机应用,1001-9081,扩展库
计算机应用研究,1001-3695,扩展库
计算力学学报,1007-4708,核心库
计算数学,0254-7791,核心库
计算物理,1001-246X,扩展库
建筑材料学报,1007-9629,核心库
建筑钢结构进展,1671-9379,扩展库
建筑结构学报,1000-6869,核心库
建筑科学,1002-8528,扩展库
江苏农业学报,1000-4440,核心库
江西农业大学学报,1000-2286,核心库
交通信息与安全,1674-4861,扩展库
交通运输工程学报,1671-1637,核心库
交通运输系统工程与信息,1009-6744,核心库
洁净煤技术,1006-6772,核心库
解放军医学杂志,0577-7402,核心库
解剖学报,0529-1356,核心库
介入放射学杂志,1008-794X,扩展库
金属热处理,0254-6051,扩展库
金属学报,0412-1961,核心库
经济地理,1000-8462,核心库
精细化工,1003-5214,核心库
景观设计学（中英文）,2096-336X,扩展库
军事护理,2097-1826,核心库
军事医学,1674-9960,核心库
菌物学报,1672-6472,核心库
菌物研究,1672-3538,核心库
康复学报,2096-0328,扩展库
科技导报,1000-7857,核心库
科学观察,1673-5668,扩展库
科学通报,0023-074X,核心库
科学学研究,1003-2053,核心库
科学学与科学技术管理,1002-0241,核心库
科研管理,1000-2995,核心库
可再生能源,1671-5292,核心库
空间结构,1006-6578,扩展库
空间科学学报,0254-6124,核心库
空间控制技术与应用,1674-1579,核心库
空间碎片研究,2096-4099,扩展库
空军工程大学学报,2097-1915,扩展库
空气动力学学报,0258-1825,核心库
空天技术,2097-0714,核心库
空天预警研究学报,2097-180X,扩展库
控制工程,1671-7848,扩展库
控制理论与应用,1000-8152,核心库
控制与决策,1001-0920,核心库
口腔医学研究,1671-7651,扩展库
矿床地质,0258-7106,核心库
矿物学报,1000-4734,核心库
矿物岩石,1001-6872,扩展库
矿物岩石地球化学通报,1007-2802,核心库
矿业科学学报,2096-2193,核心库
昆虫学报,0454-6296,核心库
兰州大学学报.  自然科学版,0455-2059,核心库
雷达学报,2095-283X,核心库
"理化检验. B,  化学分册",1001-4020,扩展库
力学季刊,0254-0053,扩展库
力学进展,1000-0992,核心库
力学学报,0459-1879,核心库
粮油食品科技,1007-7561,扩展库
量子电子学报,1007-5461,扩展库
林产化学与工业,0253-2417,核心库
林业工程学报,2096-1359,扩展库
林业科学,1001-7488,核心库
林业科学研究,1001-1498,核心库
临床超声医学杂志,1008-6978,扩展库
临床儿科杂志,1000-3606,核心库
临床耳鼻咽喉头颈外科杂志,2096-7993,核心库
临床麻醉学杂志,1004-5805,扩展库
临床皮肤科杂志,1000-4963,扩展库
临床小儿外科杂志,1671-6353,扩展库
流体机械,1005-0329,扩展库
陆军军医大学学报,2097-0927,核心库
麦类作物学报,1009-1041,核心库
煤炭科学技术,0253-2336,核心库
煤炭学报,0253-9993,核心库
煤炭转化,1004-4248,核心库
煤田地质与勘探,1001-1986,扩展库
密码学报,2095-7025,核心库
棉花学报,1002-7807,核心库
免疫学杂志,1000-8861,核心库
模式识别与人工智能,1003-6059,核心库
膜科学与技术,1007-8924,核心库
摩擦学学报,1004-0595,核心库
南方电网技术,1674-0629,核心库
南方建筑,1000-0232,扩展库
南方农业学报,2095-1191,扩展库
南方水产科学,2095-0780,核心库
南方医科大学学报,1673-4254,核心库
南京大学学报.  自然科学版,0469-5097,核心库
南京航空航天大学学报,1005-2615,核心库
南京理工大学学报.  自然科学版,1005-9830,扩展库
南京林业大学学报.  自然科学版,1000-2006,核心库
南京农业大学学报,1000-2030,核心库
南京中医药大学学报,1672-0482,核心库
南开大学学报.  自然科学版,0465-7942,扩展库
南水北调与水利科技(中英文),2096-8086,扩展库
内燃机工程,1000-0925,扩展库
内燃机学报,1000-0909,核心库
泥沙研究,0468-155X,核心库
农药,1006-0413,扩展库
农药学学报,1008-7303,核心库
农业工程学报,1002-6819,核心库
农业环境科学学报,1672-2043,核心库
农业机械学报,1000-1298,核心库
农业生物技术学报,1674-7968,核心库
农业现代化研究,1000-0275,扩展库
农业资源与环境学报,2095-6819,核心库
排灌机械工程学报,1674-8530,核心库
气候变化研究进展,1673-1719,核心库
气候与环境研究,1006-9585,核心库
气象,1000-0526,核心库
气象学报,0577-6619,核心库
汽车安全与节能学报,1674-8484,核心库
汽车工程,1000-680X,核心库
汽车技术,1000-3703,扩展库
器官移植,1674-7445,核心库
强度与环境,1006-3919,扩展库
强激光与粒子束,1001-4322,核心库
桥梁建设,1003-4722,核心库
清华大学学报.  自然科学版,1000-0054,核心库
情报学报,1000-0135,扩展库
全球变化数据学报（中英文）,2096-3645,扩展库
全球定位系统,1008-9268,扩展库
全球能源互联网,2096-5125,核心库
燃料化学学报（中英文）,2097-213X,核心库
燃烧科学与技术,1006-8740,核心库
热带地理,1001-5221,核心库
热带海洋学报,1009-5470,核心库
热带气象学报,1004-4965,扩展库
热带亚热带植物学报,1005-3395,扩展库
热带作物学报,1000-2561,扩展库
热固性树脂,1002-7432,扩展库
热科学与技术,1671-8097,扩展库
热力发电,1002-3364,核心库
热能动力工程,1001-2060,扩展库
人类学学报,1000-3193,核心库
软件学报,1000-9825,核心库
润滑与密封,0254-0150,扩展库
色谱,1000-8713,核心库
森林与环境学报,2096-0018,核心库
厦门大学学报.  自然科学版,0438-0479,扩展库
山地学报,1008-2786,核心库
山东大学学报.  工学版,1672-3961,核心库
山东大学学报.  理学版,1671-9352,扩展库
陕西师范大学学报.  自然科学版,1672-4291,扩展库
上海大学学报.  自然科学版,1007-2861,扩展库
上海海洋大学学报,1674-5566,核心库
上海航天（中英文）,2096-8655,核心库
上海交通大学学报,1006-2467,核心库
上海交通大学学报.  医学版,1674-8115,核心库
上海理工大学学报,1007-6735,扩展库
上海针灸杂志,1005-0957,扩展库
上海中医药杂志,1007-1334,扩展库
深空探测学报（中英文）,2096-9287,核心库
深圳大学学报.  理工版,1000-2618,扩展库
神经解剖学杂志,1000-7547,扩展库
沈阳农业大学学报,1000-1700,扩展库
沈阳药科大学学报,1006-2858,扩展库
肾脏病与透析肾移植杂志,1006-298X,扩展库
生理学报,0371-0874,核心库
生命科学,1004-0374,核心库
生态毒理学报,1673-5897,扩展库
生态环境学报,1674-5906,核心库
生态科学,1008-8873,核心库
生态学报,1000-0933,核心库
生态学杂志,1000-4890,核心库
生态与农村环境学报,1673-4831,核心库
生物安全学报,2095-1787,扩展库
生物多样性,1005-0094,核心库
生物工程学报,1000-3061,核心库
生物化学与生物物理进展,1000-3282,核心库
生物技术通报,1002-5464,核心库
生物学杂志,2095-1736,扩展库
声学技术,1000-3630,扩展库
声学学报,0371-0025,核心库
湿地科学,1672-5948,核心库
石油地球物理勘探,1000-7210,核心库
石油化工,1000-8144,核心库
石油勘探与开发,1000-0747,核心库
石油炼制与化工,1005-2399,扩展库
石油实验地质,1001-6112,核心库
石油物探,1000-1441,扩展库
石油学报,0253-2697,核心库
石油学报.  石油加工,1001-8719,扩展库
石油与天然气地质,0253-9985,核心库
石油与天然气化工,1007-3426,扩展库
石油钻探技术,1001-0890,扩展库
时间频率学报,1674-0637,扩展库
时珍国医国药,1008-0805,扩展库
实验力学,1001-4888,核心库
实验流体力学,1672-9897,核心库
实用妇产科杂志,1003-6946,扩展库
实用口腔医学杂志,1001-3733,扩展库
食品科学,1002-6630,核心库
食品科学技术学报,2095-6002,核心库
食品与发酵工业,0253-990X,核心库
食品与机械,1003-5788,扩展库
食品与生物技术学报,1673-1689,扩展库
食用菌学报,1005-9873,扩展库
世界科技研究与发展,1006-6055,扩展库
世界科学技术：中医药现代化,1674-3849,扩展库
世界林业研究,1001-4241,核心库
兽类学报,1000-1050,扩展库
数据采集与处理,1004-9037,扩展库
数据分析与知识发现,2096-3467,扩展库
数据与计算发展前沿,2096-742X,扩展库
数量经济技术经济研究,1000-3894,核心库
数学进展,1000-0917,扩展库
数学年刊. A 辑,1000-8314,核心库
数学物理学报. A 辑,1003-3998,扩展库
数学学报,0583-1431,核心库
水产科学,1003-1111,扩展库
水产学报,1000-0615,核心库
水处理技术,1000-3770,扩展库
水动力学研究与进展. A 辑,1000-4874,扩展库
水科学进展,1001-6791,核心库
水力发电学报,1003-1243,核心库
水利水电科技进展,1006-7647,核心库
水利水运工程学报,1009-640X,扩展库
水利学报,0559-9350,核心库
水生生物学报,1000-3207,核心库
水生态学杂志,1674-3075,核心库
水土保持通报,1000-288X,扩展库
水土保持学报,1009-2242,核心库
水土保持研究,1005-3409,核心库
水文,1000-0852,扩展库
水文地质工程地质,1000-3665,核心库
水资源保护,1004-6933,扩展库
水资源与水工程学报,1672-643X,核心库
丝绸,1001-7003,核心库
四川大学学报.  医学版,1672-173X,核心库
四川大学学报.  自然科学版,0490-6756,扩展库
四川农业大学学报,1000-2650,扩展库
塑料,1001-9456,核心库
塑料工业,1005-5770,核心库
塑性工程学报,1007-2012,核心库
隧道建设（中英文）,2096-4498,核心库
太阳能学报,0254-0096,扩展库
探测与控制学报,1008-1194,扩展库
特种油气藏,1006-6535,核心库
天津大学学报.  自然科学与工程技术版,0493-2137,核心库
天然产物研究与开发,1001-6880,核心库
天然气地球科学,1672-1926,核心库
天然气工业,1000-0976,核心库
天文学报,0001-5245,核心库
天文学进展,1000-8349,核心库
天文研究与技术,1672-7673,扩展库
铁道工程学报,1006-2106,核心库
铁道科学与工程学报,1672-7029,扩展库
铁道学报,1001-8360,核心库
听力学及言语疾病杂志,1006-7299,核心库
通信学报,1000-436X,核心库
同济大学学报.  自然科学版,0253-374X,核心库
图学学报,2095-302X,扩展库
涂料工业,0253-4312,扩展库
土木工程学报,1000-131X,核心库
土木与环境工程学报（中英文）,2096-6717,扩展库
土壤,0253-9829,核心库
土壤通报,0564-3945,核心库
土壤学报,0564-3929,核心库
推进技术,1001-4055,核心库
微波学报,1005-6122,扩展库
微生物学报,0001-6209,核心库
微生物学通报,0253-2654,核心库
微生物学杂志,1005-7021,扩展库
微体古生物学报,1000-0674,核心库
卫生研究,1000-8020,核心库
无机材料学报,1000-324X,核心库
无机化学学报,1001-4861,扩展库
无机盐工业,1006-4990,扩展库
武汉大学学报.  工学版,1671-8844,核心库
武汉大学学报.  理学版,1671-8836,核心库
武汉大学学报.  信息科学版,1671-8860,核心库
物理化学学报,1000-6818,核心库
物理学报,1000-3290,核心库
西安电子科技大学学报,1001-2400,核心库
西安交通大学学报,0253-987X,核心库
西安交通大学学报.  医学版,1671-8259,核心库
西北大学学报.  自然科学版,1000-274X,核心库
西北地质,1009-6248,扩展库
西北工业大学学报,1000-2758,核心库
西北林学院学报,1001-7461,核心库
西北农林科技大学学报.  自然科学版,1671-9387,核心库
西北农业学报,1004-1389,核心库
西北植物学报,1000-4025,核心库
西部人居环境学刊,2095-6304,扩展库
西南大学学报.  自然科学版,1673-9868,扩展库
西南交通大学学报,0258-2724,核心库
西南农业学报,1001-4829,扩展库
西南石油大学学报.  自然科学版,1674-5086,扩展库
稀土,1004-0277,扩展库
稀有金属,0258-7076,核心库
稀有金属材料与工程,1002-185X,核心库
稀有金属与硬质合金,1004-0536,扩展库
系统仿真学报,1004-731X,核心库
系统工程,1001-4098,扩展库
系统工程理论与实践,1000-6788,核心库
系统工程学报,1000-5781,核心库
系统工程与电子技术,1001-506X,核心库
系统管理学报,1005-2542,核心库
系统科学与数学,1000-0577,核心库
细胞与分子免疫学杂志,1007-8738,扩展库
现代地质,1000-8527,核心库
现代化工,0253-4320,扩展库
现代雷达,1004-7859,扩展库
现代隧道技术,1009-6582,核心库
现代制造工程,1671-3133,扩展库
小型微型计算机系统,1000-1220,扩展库
协和医学杂志,1674-9081,核心库
心理科学,1671-6981,扩展库
心理科学进展,1671-3710,核心库
心理学报,0439-755X,核心库
新疆地质,1000-8845,扩展库
新疆农业科学,1001-4330,扩展库
新疆石油地质,1001-3873,核心库
新能源进展,2095-560X,核心库
新型炭材料（中英文）,2097-1605,核心库
信号处理,1003-0530,核心库
信息安全学报,2096-1146,核心库
信息安全研究,2096-1057,扩展库
信息网络安全,1671-1122,扩展库
信息与控制,1002-0411,核心库
烟草科技,1002-0861,核心库
岩矿测试,0254-5357,核心库
岩石矿物学杂志,1000-6524,核心库
岩石力学与工程学报,1000-6915,核心库
岩石学报,1000-0569,核心库
岩土工程学报,1000-4548,核心库
岩土力学,1000-7598,核心库
岩性油气藏,1673-8926,核心库
盐湖研究,1008-858X,扩展库
遥感技术与应用,1004-0323,核心库
遥感信息,1000-3177,核心库
遥感学报,1007-4619,核心库
药物不良反应杂志,1008-5734,扩展库
药物分析杂志,0254-1793,核心库
药学学报,0513-4870,核心库
液晶与显示,1007-2780,扩展库
医用生物力学,1004-7220,核心库
仪表技术与传感器,1002-1841,扩展库
仪器仪表学报,0254-3087,核心库
遗传,0253-9772,核心库
营养学报,0512-7955,核心库
应用概率统计,1001-4268,扩展库
应用海洋学学报,2095-4972,核心库
应用化工,1671-3206,扩展库
应用化学,1000-0518,扩展库
应用基础与工程科学学报,1005-0930,核心库
应用激光,1000-372X,扩展库
应用科学学报,0255-8297,扩展库
应用昆虫学报,2095-1353,核心库
应用力学学报,1000-4939,扩展库
应用气象学报,1001-7313,核心库
应用生态学报,1001-9332,核心库
应用声学,1000-310X,扩展库
应用数学和力学,1000-0887,扩展库
应用数学学报,0254-3079,核心库
应用与环境生物学报,1006-687X,核心库
油气藏评价与开发,2095-1426,扩展库
油气地质与采收率,1009-9603,核心库
油田化学,1000-4092,扩展库
铀矿地质,1000-0658,扩展库
有机化学,0253-2786,核心库
渔业科学进展,2095-9869,核心库
渔业现代化,1007-9580,扩展库
宇航材料工艺,1007-2330,核心库
宇航计测技术,1000-7202,扩展库
宇航学报,1000-1328,核心库
玉米科学,1005-0906,核心库
园艺学报,0513-353X,核心库
原子核物理评论,1007-4627,扩展库
原子能科学技术,1000-6931,核心库
云南大学学报.  自然科学版,0258-7971,扩展库
云南农业大学学报,1004-390X,扩展库
运筹学学报,1007-6093,核心库
运筹与管理,1007-3221,扩展库
杂交水稻,1005-3956,扩展库
灾害学,1000-811X,核心库
载人航天,1674-5825,核心库
噪声与振动控制,1006-1355,核心库
长安大学学报.  自然科学版,1671-8879,核心库
长江科学院院报,1001-5485,核心库
长江流域资源与环境,1004-8227,核心库
浙江大学学报.  工学版,1008-973X,核心库
浙江大学学报.  理学版,1008-9497,核心库
浙江大学学报.  农业与生命科学版,1008-9209,核心库
浙江大学学报.  医学版,1008-9292,核心库
浙江农林大学学报,2095-0756,核心库
浙江农业学报,1004-1524,扩展库
针刺研究,1000-0607,核心库
真空科学与技术学报,1672-7126,扩展库
振动、测试与诊断,1004-6801,核心库
振动工程学报,1004-4523,核心库
振动与冲击,1000-3835,核心库
震灾防御技术,1673-5722,扩展库
植物保护,0529-1542,核心库
植物保护学报,0577-7518,核心库
植物病理学报,0412-0914,核心库
植物科学学报,2095-0837,核心库
植物生理学报,2095-1108,核心库
植物生态学报,1005-264X,核心库
植物学报,1674-3466,核心库
植物研究,1673-5102,扩展库
植物遗传资源学报,1672-1810,核心库
植物营养与肥料学报,1008-505X,核心库
植物资源与环境学报,1674-7895,核心库
指挥与控制学报,2096-0204,核心库
制冷学报,0253-4339,核心库
质谱学报,1004-2997,核心库
智慧农业(中英文),2096-8094,核心库
智能科学与技术学报,2096-6652,核心库
智能系统学报,1673-4785,核心库
中草药,0253-2670,核心库
中成药,1001-1528,核心库
中国癌症杂志,1007-3639,核心库
中国艾滋病性病,1672-5662,核心库
中国安全科学学报,1003-3033,核心库
中国安全生产科学技术,1673-193X,扩展库
中国表面工程,1007-9289,核心库
中国病理生理杂志,1000-4718,核心库
中国病原生物学杂志,1673-5234,核心库
中国材料进展,1674-3962,核心库
中国草地学报,1673-5021,核心库
中国超声医学杂志,1002-0101,核心库
中国畜牧兽医,1671-7236,扩展库
中国畜牧杂志,0258-7033,扩展库
中国当代儿科杂志,1008-8830,核心库
中国地质,1000-3657,核心库
中国地质灾害与防治学报,1003-8035,扩展库
中国电机工程学报,0258-8013,核心库
中国电力,1004-9649,核心库
中国儿童保健杂志,1008-6579,扩展库
中国耳鼻咽喉颅底外科杂志,1007-1520,扩展库
中国耳鼻咽喉头颈外科,1672-7002,扩展库
中国法医学杂志,1001-5728,扩展库
中国防痨杂志,1000-6621,扩展库
中国肺癌杂志,1009-3419,核心库
中国粉体技术,1008-5548,扩展库
中国腐蚀与防护学报,1005-4537,核心库
中国妇产科临床杂志,1672-1861,扩展库
中国感染控制杂志,"1671-9638
2096-9244",核心库
中国感染与化疗杂志,1009-7708,核心库
中国给水排水,1000-4602,核心库
中国工程科学,1009-1742,核心库
中国公共卫生,1001-0580,核心库
中国公路学报,1001-7372,核心库
中国骨伤,1003-0034,扩展库
中国骨质疏松杂志,1006-7108,核心库
中国管理科学,1003-207X,核心库
中国惯性技术学报,1005-6734,核心库
中国光学（中英文）,2097-1842,核心库
中国海上油气,1673-1506,核心库
中国海洋大学学报.  自然科学版,1672-5174,核心库
中国海洋药物,1002-3461,扩展库
中国航海,1000-4653,扩展库
中国呼吸与危重监护杂志,1671-6205,核心库
中国护理管理,1672-1756,核心库
中国环境监测,1002-6002,核心库
中国环境科学,1000-6923,核心库
中国机械工程,1004-132X,核心库
中国激光,0258-7025,核心库
中国急救医学,1002-1949,核心库
中国脊柱脊髓杂志,1004-406X,核心库
中国寄生虫学与寄生虫病杂志,1000-7423,核心库
中国舰船研究,1673-3185,扩展库
中国矫形外科杂志,1005-8478,扩展库
中国介入心脏病学杂志,1004-8812,扩展库
中国康复理论与实践,1006-9771,核心库
中国康复医学杂志,1001-1242,核心库
中国抗生素杂志,1001-8689,核心库
中国科技史杂志,1673-1441,扩展库
中国科学.  地球科学,1674-7240,核心库
中国科学.  化学,1674-7224,核心库
中国科学.  技术科学,1674-7259,核心库
中国科学.  生命科学,1674-7232,核心库
中国科学.  数学,1674-7216,核心库
"中国科学.  物理学,  力学,  天文学",1674-7275,核心库
中国科学.  信息科学,1674-7267,核心库
中国科学基金,1000-8217,核心库
中国科学技术大学学报,0253-2778,扩展库
中国科学数据,2096-2223,核心库
中国科学院大学学报,2095-6134,核心库
中国科学院院刊,1000-3045,核心库
中国空间科学技术,1000-758X,核心库
中国矿业大学学报.  自然科学版,1000-1964,核心库
中国粮油学报,1003-0174,核心库
中国临床解剖学杂志,1001-165X,扩展库
中国临床心理学杂志,1005-3611,核心库
中国临床药理学与治疗学,1009-2501,核心库
中国临床药理学杂志,1001-6821,核心库
中国临床医学影像杂志,1008-1062,扩展库
中国慢性病预防与控制,1004-6194,核心库
中国免疫学杂志,1000-484X,核心库
中国男科学杂志,1008-0848,扩展库
中国脑血管病杂志,1672-5921,扩展库
中国农业大学学报,1007-4333,核心库
中国农业科技导报,1008-0864,扩展库
中国农业科学,0578-1752,核心库
中国农业气象,1000-6362,核心库
中国农业资源与区划,1005-9121,核心库
中国皮肤性病学杂志,1001-7089,扩展库
中国普通外科杂志,1005-6947,核心库
中国人口·资源与环境,1002-2104,核心库
中国人兽共患病学报,1002-2694,核心库
中国软科学,1005-0566,核心库
中国沙漠,1000-694X,核心库
中国神经精神疾病杂志,1002-0152,核心库
中国生态旅游,2095-199X,扩展库
中国生态农业学报（中英文）,2096-6237,核心库
中国生物防治学报,2095-039X,核心库
中国生物工程杂志,1671-8135,核心库
中国生物化学与分子生物学报,1007-7626,扩展库
中国生物医学工程学报,0258-8021,核心库
中国生物制品学杂志,1004-5503,扩展库
中国石油大学学报.  自然科学版,1673-5005,扩展库
中国石油勘探,1672-7703,核心库
中国实验动物学报,1005-4847,扩展库
中国实验方剂学杂志,1005-9903,核心库
中国实验血液学杂志,1009-2137,扩展库
中国实用儿科杂志,1005-2224,核心库
中国实用妇科与产科杂志,1005-2216,核心库
中国实用口腔科杂志,1674-1595,扩展库
中国实用内科杂志,1005-2194,核心库
中国实用外科杂志,1005-2208,核心库
中国食品卫生杂志,1004-8456,核心库
中国食品学报,1009-7848,核心库
中国兽医科学,1673-4696,扩展库
中国兽医学报,1005-4545,扩展库
中国水产科学,1005-8737,核心库
中国水稻科学,1001-7216,核心库
中国水土保持科学（中英文）,2096-2673,扩展库
中国塑料,1001-9278,核心库
中国糖尿病杂志,1006-6187,核心库
中国陶瓷,1001-9642,扩展库
中国疼痛医学杂志,1006-9852,核心库
中国铁道科学,1001-4632,核心库
中国图象图形学报,1006-8961,核心库
中国土地科学,1001-8158,核心库
中国土壤与肥料,1673-6257,核心库
中国微创外科杂志,1009-6604,扩展库
中国微生态学杂志,1005-376X,核心库
中国卫生统计,1002-3674,核心库
中国卫生政策研究,1674-2982,核心库
中国卫生资源,1007-953X,扩展库
中国稀土学报,1000-4343,核心库
中国细胞生物学学报,1674-7666,扩展库
中国现代应用药学,1007-7693,核心库
中国心理卫生杂志,1000-6729,核心库
中国新药与临床杂志,1007-7669,扩展库
中国新药杂志,1003-3734,核心库
中国胸心血管外科临床杂志,1007-4848,扩展库
中国修复重建外科杂志,1002-1892,核心库
中国血吸虫病防治杂志,1005-6661,核心库
中国血液净化,1671-4091,扩展库
中国循环杂志,1000-3614,核心库
中国循证儿科杂志,1673-5501,核心库
中国循证医学杂志,1672-2531,核心库
中国烟草科学,1007-5119,扩展库
中国烟草学报,1004-5708,扩展库
中国岩溶,1001-4810,扩展库
中国药科大学学报,1000-5048,核心库
中国药理学通报,1001-1978,核心库
中国药物依赖性杂志,1007-9718,扩展库
中国药学杂志,1001-2494,核心库
中国冶金,1006-9356,扩展库
中国野生植物资源,1006-9690,扩展库
中国医学计算机成像杂志,1006-5741,扩展库
中国医学科学院学报,1000-503X,核心库
中国医学前沿杂志.  电子版,1674-7372,扩展库
中国医学物理学杂志,1005-202X,扩展库
中国医学影像技术,1003-3289,核心库
中国医学影像学杂志,1005-5185,核心库
中国医药工业杂志,1001-8255,扩展库
中国疫苗和免疫,1006-916X,核心库
中国应用生理学杂志,1000-6834,扩展库
中国油料作物学报,1007-9084,核心库
中国油脂,1003-7969,核心库
中国有色金属学报,1004-0609,核心库
中国预防兽医学报,1008-0589,扩展库
中国预防医学杂志,1009-6639,扩展库
中国园林,1000-6664,扩展库
中国运动医学杂志,1000-6710,核心库
中国造船,1000-4882,核心库
中国造纸学报,1000-6842,扩展库
中国针灸,0255-2930,核心库
中国真菌学杂志,1673-3827,核心库
中国中西医结合急救杂志,1008-9691,扩展库
中国中西医结合杂志,1003-5370,核心库
中国中药杂志,1001-5302,核心库
中国中医基础医学杂志,1006-3250,扩展库
中国中医药信息杂志,1005-5304,扩展库
中国肿瘤,1004-0242,核心库
中国肿瘤临床,1000-8179,核心库
中国肿瘤生物治疗杂志,1007-385X,扩展库
中国组织化学与细胞化学杂志,1004-1850,扩展库
中华病理学杂志,0529-5807,核心库
中华超声影像学杂志,1004-4477,核心库
中华传染病杂志,1000-6680,核心库
中华创伤骨科杂志,1671-7600,核心库
中华创伤杂志,1001-8050,核心库
中华儿科杂志,0578-1310,核心库
中华耳鼻咽喉头颈外科杂志,1673-0860,核心库
中华耳科学杂志,1672-2922,核心库
中华放射学杂志,1005-1201,核心库
中华放射医学与防护杂志,0254-5098,核心库
中华放射肿瘤学杂志,1004-4221,核心库
中华风湿病学杂志,1007-7480,扩展库
中华妇产科杂志,0529-567X,核心库
中华肝胆外科杂志,1007-8118,核心库
中华肝脏病杂志,1007-3418,核心库
中华高血压杂志,1673-7245,扩展库
中华骨科杂志,0253-2352,核心库
中华骨与关节外科杂志,2095-9958,核心库
中华骨质疏松和骨矿盐疾病杂志,1674-2591,核心库
中华关节外科杂志（电子版）,1674-134X,核心库
中华行为医学与脑科学杂志,1674-6554,扩展库
中华航海医学与高气压医学杂志,1009-6906,扩展库
中华核医学与分子影像杂志,2095-2848,扩展库
中华护理教育,1672-9234,扩展库
中华护理杂志,0254-1769,核心库
中华急危重症护理杂志,2096-7446,核心库
中华急诊医学杂志,1671-0282,核心库
中华疾病控制杂志,1674-3679,核心库
中华检验医学杂志,1009-9158,核心库
中华健康管理学杂志,1674-0815,扩展库
中华结核和呼吸杂志,1001-0939,核心库
中华精神科杂志,1006-7884,核心库
中华口腔医学杂志,1002-0098,核心库
中华劳动卫生职业病杂志,1001-9391,扩展库
中华老年医学杂志,0254-9026,核心库
中华临床感染病杂志,1674-2397,核心库
中华临床营养杂志,1674-635X,核心库
中华流行病学杂志,0254-6450,核心库
中华麻醉学杂志,0254-1416,扩展库
中华泌尿外科杂志,1000-6702,核心库
中华男科学杂志,1009-3591,核心库
中华内分泌代谢杂志,1000-6699,核心库
中华内科杂志,0578-1426,核心库
中华皮肤科杂志,0412-4030,核心库
中华普通外科杂志,1007-631X,扩展库
中华乳腺病杂志（电子版）,1674-0807,扩展库
中华烧伤与创面修复杂志,2097-1109,核心库
中华神经科杂志,1006-7876,核心库
中华神经外科杂志,1001-2346,核心库
中华神经医学杂志,1671-8925,扩展库
中华肾脏病杂志,1001-7097,核心库
中华生殖与避孕杂志,2096-2916,核心库
中华实验和临床病毒学杂志,1003-9279,扩展库
中华实验眼科杂志,2095-0160,核心库
中华实用儿科临床杂志,2095-428X,核心库
中华手外科杂志,1005-054X,核心库
中华糖尿病杂志,1674-5809,核心库
中华外科杂志,0529-5815,核心库
中华危重病急救医学,2095-4352,核心库
中华危重症医学杂志(电子版),1674-6880,扩展库
中华微生物学和免疫学杂志,0254-5101,核心库
中华围产医学杂志,1007-9408,核心库
中华胃肠外科杂志,1671-0274,核心库
中华物理医学与康复杂志,0254-1424,核心库
中华显微外科杂志,1001-2036,核心库
中华消化内镜杂志,1007-5232,扩展库
中华消化外科杂志,1673-9752,核心库
中华消化杂志,0254-1432,核心库
中华小儿外科杂志,0253-3006,核心库
中华心血管病杂志,0253-3758,核心库
中华新生儿科杂志,2096-2932,扩展库
中华胸心血管外科杂志,1001-4497,核心库
中华血液学杂志,0253-2727,核心库
中华眼底病杂志,1005-1015,扩展库
中华眼科杂志,0412-4081,核心库
中华眼视光学与视觉科学杂志,1674-845X,扩展库
中华医学超声杂志（电子版）,1672-6448,核心库
中华医学遗传学杂志,1003-9406,扩展库
中华医学杂志,0376-2491,核心库
中华医院感染学杂志,1005-4529,扩展库
中华医院管理杂志,1000-6672,扩展库
中华预防医学杂志,0253-9624,核心库
中华整形外科杂志,1009-4598,核心库
中华中医药杂志,1673-1727,核心库
中华肿瘤杂志,0253-3766,核心库
中华重症医学电子杂志,2096-1537,扩展库
中南大学学报.  医学版,1672-7347,核心库
中南大学学报.  自然科学版,1672-7207,核心库
中南林业科技大学学报,1673-923X,核心库
中山大学学报.  医学科学版,1672-3554,核心库
中山大学学报.  自然科学版（中英文）,2097-0137,核心库
中文信息学报,1003-0077,核心库
中药新药与临床药理,1003-9783,核心库
中药药理与临床,1001-859X,核心库
中医杂志,1001-1668,核心库
重庆大学学报.  自然科学版,1000-582X,核心库
重庆交通大学学报.  自然科学版,1674-0696,扩展库
重庆医科大学学报,0253-3626,扩展库
重庆邮电大学学报.  自然科学版,1673-825X,扩展库
资源科学,1007-7588,核心库
自动化学报,0254-4156,核心库
自然保护地,2096-8981,扩展库
自然科学史研究,1000-0224,扩展库
自然灾害学报,1004-4574,核心库
自然资源学报,1000-3037,核心库
自然资源遥感,2097-034X,核心库
作物学报,0496-3490,核心库
